{"trial_id": "0002", "hyperparameters": {"space": [{"class_name": "Int", "config": {"name": "units", "default": null, "conditions": [], "min_value": 4, "max_value": 24, "step": 4, "sampling": "linear"}}], "values": {"units": 12, "tuner/epochs": 2, "tuner/initial_epoch": 0, "tuner/bracket": 2, "tuner/round": 0}}, "metrics": {"metrics": {"loss": {"direction": "min", "observations": [{"value": [0.6745548844337463], "step": 0}]}, "accuracy": {"direction": "max", "observations": [{"value": [0.3462783098220825], "step": 0}]}, "val_loss": {"direction": "min", "observations": [{"value": [0.5702307224273682], "step": 0}]}, "val_accuracy": {"direction": "max", "observations": [{"value": [0.38064515590667725], "step": 0}]}}}, "score": 0.38064515590667725, "best_step": 0, "status": "COMPLETED", "message": null}