{"ongoing_trials": {}, "hyperparameters": {"space": [{"class_name": "Int", "config": {"name": "units", "default": null, "conditions": [], "min_value": 4, "max_value": 24, "step": 4, "sampling": "linear"}}], "values": {"units": 4}}, "start_order": ["0000", "0001", "0002", "0003", "0004", "0005"], "end_order": ["0000", "0001", "0002", "0003", "0004", "0005"], "run_times": {"0000": 1, "0001": 1, "0002": 1, "0003": 1, "0004": 1, "0005": 1}, "retry_queue": [], "seed": 1009, "seed_state": 1016, "tried_so_far": ["a6d96ddd66df22b88121d9fcf99aa9dc", "a3e76368318e24a875bea66c6b40177d", "c2aad17f0620cc81e78de1a5a8b41f22", "8371411b8d1b71274c6b199b6ceef9c4", "6a7413e5b0a7c345ebb2842a8be55b37", "b6ecde9d78aacf9763dfca0c1c75fa9d"], "id_to_hash": {"0000": "b6ecde9d78aacf9763dfca0c1c75fa9d", "0001": "a3e76368318e24a875bea66c6b40177d", "0002": "8371411b8d1b71274c6b199b6ceef9c4", "0003": "a6d96ddd66df22b88121d9fcf99aa9dc", "0004": "6a7413e5b0a7c345ebb2842a8be55b37", "0005": "c2aad17f0620cc81e78de1a5a8b41f22"}, "hyperband_iterations": 1, "max_epochs": 10, "min_epochs": 1, "factor": 3, "brackets": [{"bracket_num": 2, "rounds": [[{"past_id": null, "id": "0000"}, {"past_id": null, "id": "0001"}, {"past_id": null, "id": "0002"}, {"past_id": null, "id": "0003"}, {"past_id": null, "id": "0004"}, {"past_id": null, "id": "0005"}], [], []]}], "current_bracket": 2, "current_iteration": 0}