{"trial_id": "0005", "hyperparameters": {"space": [{"class_name": "Int", "config": {"name": "units", "default": null, "conditions": [], "min_value": 4, "max_value": 24, "step": 4, "sampling": "linear"}}], "values": {"units": 4, "tuner/epochs": 2, "tuner/initial_epoch": 0, "tuner/bracket": 2, "tuner/round": 0}}, "metrics": {"metrics": {"loss": {"direction": "min", "observations": [{"value": [0.658382773399353], "step": 1}]}, "accuracy": {"direction": "max", "observations": [{"value": [0.3406148850917816], "step": 1}]}, "val_loss": {"direction": "min", "observations": [{"value": [0.5586766600608826], "step": 1}]}, "val_accuracy": {"direction": "max", "observations": [{"value": [0.3709677457809448], "step": 1}]}}}, "score": 0.3709677457809448, "best_step": 1, "status": "COMPLETED", "message": null}