{"trial_id": "0003", "hyperparameters": {"space": [{"class_name": "Int", "config": {"name": "units", "default": null, "conditions": [], "min_value": 4, "max_value": 24, "step": 4, "sampling": "linear"}}], "values": {"units": 24, "tuner/epochs": 2, "tuner/initial_epoch": 0, "tuner/bracket": 2, "tuner/round": 0}}, "metrics": {"metrics": {"loss": {"direction": "min", "observations": [{"value": [0.14452864229679108], "step": 1}]}, "accuracy": {"direction": "max", "observations": [{"value": [0.27346277236938477], "step": 1}]}, "val_loss": {"direction": "min", "observations": [{"value": [-0.016375478357076645], "step": 1}]}, "val_accuracy": {"direction": "max", "observations": [{"value": [0.3290322721004486], "step": 1}]}}}, "score": 0.3290322721004486, "best_step": 1, "status": "COMPLETED", "message": null}