{"trial_id": "0004", "hyperparameters": {"space": [{"class_name": "Int", "config": {"name": "units", "default": null, "conditions": [], "min_value": 4, "max_value": 24, "step": 4, "sampling": "linear"}}], "values": {"units": 16, "tuner/epochs": 2, "tuner/initial_epoch": 0, "tuner/bracket": 2, "tuner/round": 0}}, "metrics": {"metrics": {"loss": {"direction": "min", "observations": [{"value": [0.294347882270813], "step": 1}]}, "accuracy": {"direction": "max", "observations": [{"value": [0.223300963640213], "step": 1}]}, "val_loss": {"direction": "min", "observations": [{"value": [0.20431697368621826], "step": 1}]}, "val_accuracy": {"direction": "max", "observations": [{"value": [0.24838709831237793], "step": 1}]}}}, "score": 0.24838709831237793, "best_step": 1, "status": "COMPLETED", "message": null}